{
  "project_info": {
    "project_number": "1073104668370",
    "project_id": "finaltask-2d74e",
    "storage_bucket": "finaltask-2d74e.appspot.com"
  },
  "client": [
    {
      "client_info": {
        "mobilesdk_app_id": "1:1073104668370:android:091954f2c78f33026a4f0b",
        "android_client_info": {
          "package_name": "com.example.finaltask"
        }
      },
      "oauth_client": [
        {
          "client_id": "1073104668370-el3qe258j3hbnml0ni7n7pijv6nsf51g.apps.googleusercontent.com",
          "client_type": 3
        }
      ],
      "api_key": [
        {
          "current_key": "AIzaSyBWVNmns1SPrRGVzX7XaE77QXKTVu1b1Jo"
        }
      ],
      "services": {
        "appinvite_service": {
          "other_platform_oauth_client": [
            {
              "client_id": "1073104668370-el3qe258j3hbnml0ni7n7pijv6nsf51g.apps.googleusercontent.com",
              "client_type": 3
            }
          ]
        }
      }
    }
  ],
  "configuration_version": "1"
}